trial,testing,parameters,initial_deadline,final_deadline,net_reward,actions,success
1,False,"{'a': 0.5, 'e': 0.995}",20,0,-98.10185866659738,"{0: 11, 1: 4, 2: 3, 3: 1, 4: 1}",0
2,False,"{'a': 0.5, 'e': 0.99}",20,0,-40.44378828253753,"{0: 15, 1: 0, 2: 4, 3: 1, 4: 0}",0
3,False,"{'a': 0.5, 'e': 0.985}",30,0,-132.99736540591996,"{0: 14, 1: 5, 2: 9, 3: 2, 4: 0}",0
4,False,"{'a': 0.5, 'e': 0.98}",25,0,-43.06802588489023,"{0: 18, 1: 1, 2: 6, 3: 0, 4: 0}",0
5,False,"{'a': 0.5, 'e': 0.975}",20,0,-113.43177788610595,"{0: 12, 1: 2, 2: 4, 3: 0, 4: 2}",0
6,False,"{'a': 0.5, 'e': 0.97}",25,0,-126.18194662832883,"{0: 15, 1: 3, 2: 5, 3: 0, 4: 2}",0
7,False,"{'a': 0.5, 'e': 0.965}",20,0,-103.37580522615107,"{0: 14, 1: 0, 2: 4, 3: 0, 4: 2}",0
8,False,"{'a': 0.5, 'e': 0.96}",25,0,-123.08423074971753,"{0: 13, 1: 2, 2: 9, 3: 0, 4: 1}",0
9,False,"{'a': 0.5, 'e': 0.955}",20,0,-23.579119589273382,"{0: 17, 1: 0, 2: 2, 3: 1, 4: 0}",0
10,False,"{'a': 0.5, 'e': 0.95}",20,0,-66.2751439870545,"{0: 13, 1: 3, 2: 3, 3: 0, 4: 1}",0
11,False,"{'a': 0.5, 'e': 0.945}",20,0,-36.650140897842164,"{0: 14, 1: 1, 2: 5, 3: 0, 4: 0}",0
12,False,"{'a': 0.5, 'e': 0.94}",35,0,-50.21825704054984,"{0: 26, 1: 1, 2: 8, 3: 0, 4: 0}",0
13,False,"{'a': 0.5, 'e': 0.9349999999999999}",20,0,-130.18994394247133,"{0: 12, 1: 2, 2: 2, 3: 2, 4: 2}",0
14,False,"{'a': 0.5, 'e': 0.9299999999999999}",35,16,-56.057307396162834,"{0: 14, 1: 1, 2: 3, 3: 0, 4: 1}",1
15,False,"{'a': 0.5, 'e': 0.9249999999999999}",20,0,-161.73149947903295,"{0: 13, 1: 0, 2: 2, 3: 2, 4: 3}",0
16,False,"{'a': 0.5, 'e': 0.9199999999999999}",20,0,-75.78951673317746,"{0: 14, 1: 1, 2: 3, 3: 1, 4: 1}",0
17,False,"{'a': 0.5, 'e': 0.9149999999999999}",30,0,-101.39607238938581,"{0: 18, 1: 4, 2: 6, 3: 2, 4: 0}",0
18,False,"{'a': 0.5, 'e': 0.9099999999999999}",25,0,-37.2044925391814,"{0: 19, 1: 2, 2: 3, 3: 1, 4: 0}",0
19,False,"{'a': 0.5, 'e': 0.9049999999999999}",30,0,-73.42917289745688,"{0: 21, 1: 4, 2: 4, 3: 0, 4: 1}",0
20,False,"{'a': 0.5, 'e': 0.8999999999999999}",30,12,-53.55272231406105,"{0: 14, 1: 0, 2: 3, 3: 0, 4: 1}",1
21,False,"{'a': 0.5, 'e': 0.8949999999999999}",25,0,-197.52083943661194,"{0: 14, 1: 0, 2: 7, 3: 1, 4: 3}",0
22,False,"{'a': 0.5, 'e': 0.8899999999999999}",25,0,-82.2736408820721,"{0: 18, 1: 1, 2: 4, 3: 1, 4: 1}",0
23,False,"{'a': 0.5, 'e': 0.8849999999999999}",25,9,-100.23605121162676,"{0: 11, 1: 0, 2: 2, 3: 1, 4: 2}",1
24,False,"{'a': 0.5, 'e': 0.8799999999999999}",20,0,-133.09293636841062,"{0: 8, 1: 1, 2: 10, 3: 0, 4: 1}",0
25,False,"{'a': 0.5, 'e': 0.8749999999999999}",20,0,-109.1038802956428,"{0: 11, 1: 1, 2: 6, 3: 1, 4: 1}",0
26,False,"{'a': 0.5, 'e': 0.8699999999999999}",20,2,-16.99389409467256,"{0: 14, 1: 0, 2: 4, 3: 0, 4: 0}",1
27,False,"{'a': 0.5, 'e': 0.8649999999999999}",25,0,-78.63718557546983,"{0: 17, 1: 2, 2: 3, 3: 3, 4: 0}",0
28,False,"{'a': 0.5, 'e': 0.8599999999999999}",30,11,-60.42998951320332,"{0: 11, 1: 1, 2: 7, 3: 0, 4: 0}",1
29,False,"{'a': 0.5, 'e': 0.8549999999999999}",20,0,-59.603163631141896,"{0: 12, 1: 0, 2: 8, 3: 0, 4: 0}",0
30,False,"{'a': 0.5, 'e': 0.8499999999999999}",25,0,-94.82627204090618,"{0: 20, 1: 0, 2: 2, 3: 1, 4: 2}",0
31,False,"{'a': 0.5, 'e': 0.8449999999999999}",20,0,-48.216472338387526,"{0: 13, 1: 1, 2: 6, 3: 0, 4: 0}",0
32,False,"{'a': 0.5, 'e': 0.8399999999999999}",25,0,-130.233746619841,"{0: 14, 1: 4, 2: 5, 3: 0, 4: 2}",0
33,False,"{'a': 0.5, 'e': 0.8349999999999999}",30,1,-116.3550925507439,"{0: 19, 1: 4, 2: 4, 3: 0, 4: 2}",1
34,False,"{'a': 0.5, 'e': 0.8299999999999998}",20,1,-153.8385663865894,"{0: 10, 1: 2, 2: 4, 3: 0, 4: 3}",1
35,False,"{'a': 0.5, 'e': 0.8249999999999998}",20,0,-183.6976436138108,"{0: 10, 1: 0, 2: 6, 3: 1, 4: 3}",0
36,False,"{'a': 0.5, 'e': 0.8199999999999998}",25,2,-108.64092528238407,"{0: 16, 1: 0, 2: 5, 3: 0, 4: 2}",1
37,False,"{'a': 0.5, 'e': 0.8149999999999998}",25,10,-34.56464038727357,"{0: 10, 1: 0, 2: 5, 3: 0, 4: 0}",1
38,False,"{'a': 0.5, 'e': 0.8099999999999998}",30,0,-98.92346783117948,"{0: 22, 1: 2, 2: 4, 3: 0, 4: 2}",1
39,False,"{'a': 0.5, 'e': 0.8049999999999998}",35,0,-288.4472071178015,"{0: 20, 1: 2, 2: 6, 3: 2, 4: 5}",0
40,False,"{'a': 0.5, 'e': 0.7999999999999998}",25,11,-27.330117034392853,"{0: 9, 1: 1, 2: 4, 3: 0, 4: 0}",1
41,False,"{'a': 0.5, 'e': 0.7949999999999998}",30,0,-90.40231104623972,"{0: 21, 1: 2, 2: 5, 3: 1, 4: 1}",0
42,False,"{'a': 0.5, 'e': 0.7899999999999998}",30,0,-166.76713481677606,"{0: 19, 1: 3, 2: 5, 3: 0, 4: 3}",0
43,False,"{'a': 0.5, 'e': 0.7849999999999998}",35,0,-113.58855501950575,"{0: 25, 1: 4, 2: 3, 3: 2, 4: 1}",0
44,False,"{'a': 0.5, 'e': 0.7799999999999998}",20,0,-54.842466940832836,"{0: 13, 1: 1, 2: 5, 3: 1, 4: 0}",1
45,False,"{'a': 0.5, 'e': 0.7749999999999998}",20,0,-19.720379344300007,"{0: 18, 1: 1, 2: 0, 3: 0, 4: 1}",0
46,False,"{'a': 0.5, 'e': 0.7699999999999998}",20,0,-97.07145717810886,"{0: 13, 1: 0, 2: 5, 3: 1, 4: 1}",0
47,False,"{'a': 0.5, 'e': 0.7649999999999998}",20,7,-20.578441039573296,"{0: 10, 1: 0, 2: 2, 3: 1, 4: 0}",1
48,False,"{'a': 0.5, 'e': 0.7599999999999998}",30,0,-73.57320160978188,"{0: 22, 1: 2, 2: 5, 3: 0, 4: 1}",1
49,False,"{'a': 0.5, 'e': 0.7549999999999998}",25,0,-130.22222917184848,"{0: 16, 1: 0, 2: 5, 3: 3, 4: 1}",0
50,False,"{'a': 0.5, 'e': 0.7499999999999998}",25,0,-177.90539909012145,"{0: 13, 1: 1, 2: 7, 3: 2, 4: 2}",0
51,False,"{'a': 0.5, 'e': 0.7449999999999998}",25,0,-39.35575227825655,"{0: 18, 1: 1, 2: 6, 3: 0, 4: 0}",0
52,False,"{'a': 0.5, 'e': 0.7399999999999998}",30,0,-47.55390264203069,"{0: 26, 1: 0, 2: 2, 3: 1, 4: 1}",0
53,False,"{'a': 0.5, 'e': 0.7349999999999998}",30,0,-11.48880334505004,"{0: 25, 1: 3, 2: 1, 3: 1, 4: 0}",0
54,False,"{'a': 0.5, 'e': 0.7299999999999998}",25,0,-45.575775675169965,"{0: 19, 1: 4, 2: 1, 3: 0, 4: 1}",0
55,False,"{'a': 0.5, 'e': 0.7249999999999998}",30,0,-94.25761838706143,"{0: 22, 1: 0, 2: 6, 3: 1, 4: 1}",0
56,False,"{'a': 0.5, 'e': 0.7199999999999998}",25,0,-98.67585102047576,"{0: 16, 1: 2, 2: 5, 3: 1, 4: 1}",0
57,False,"{'a': 0.5, 'e': 0.7149999999999997}",20,0,-59.02288367240679,"{0: 15, 1: 0, 2: 4, 3: 0, 4: 1}",0
58,False,"{'a': 0.5, 'e': 0.7099999999999997}",25,0,-107.32290421519275,"{0: 16, 1: 2, 2: 4, 3: 2, 4: 1}",0
59,False,"{'a': 0.5, 'e': 0.7049999999999997}",30,0,-202.34005623302926,"{0: 19, 1: 1, 2: 4, 3: 3, 4: 3}",0
60,False,"{'a': 0.5, 'e': 0.6999999999999997}",20,0,-43.88670859780887,"{0: 14, 1: 2, 2: 3, 3: 1, 4: 0}",0
61,False,"{'a': 0.5, 'e': 0.6949999999999997}",25,0,-153.99016733133337,"{0: 16, 1: 1, 2: 5, 3: 0, 4: 3}",0
62,False,"{'a': 0.5, 'e': 0.6899999999999997}",25,0,-134.83037770579944,"{0: 17, 1: 3, 2: 2, 3: 0, 4: 3}",0
63,False,"{'a': 0.5, 'e': 0.6849999999999997}",20,0,-46.37528847904997,"{0: 14, 1: 1, 2: 4, 3: 1, 4: 0}",0
64,False,"{'a': 0.5, 'e': 0.6799999999999997}",30,0,-57.82667852204766,"{0: 22, 1: 1, 2: 7, 3: 0, 4: 0}",0
65,False,"{'a': 0.5, 'e': 0.6749999999999997}",20,0,-49.260643369857384,"{0: 16, 1: 1, 2: 2, 3: 0, 4: 1}",0
66,False,"{'a': 0.5, 'e': 0.6699999999999997}",20,0,-74.61621862607834,"{0: 15, 1: 0, 2: 3, 3: 1, 4: 1}",0
67,False,"{'a': 0.5, 'e': 0.6649999999999997}",20,0,-135.66917845152966,"{0: 12, 1: 0, 2: 5, 3: 1, 4: 2}",0
68,False,"{'a': 0.5, 'e': 0.6599999999999997}",20,0,-110.9966154869679,"{0: 14, 1: 1, 2: 2, 3: 1, 4: 2}",0
69,False,"{'a': 0.5, 'e': 0.6549999999999997}",25,18,8.374641989744077,"{0: 7, 1: 0, 2: 0, 3: 0, 4: 0}",1
70,False,"{'a': 0.5, 'e': 0.6499999999999997}",20,0,-52.19854185510763,"{0: 13, 1: 2, 2: 4, 3: 1, 4: 0}",0
71,False,"{'a': 0.5, 'e': 0.6449999999999997}",30,0,-185.22150840131368,"{0: 19, 1: 1, 2: 4, 3: 4, 4: 2}",0
72,False,"{'a': 0.5, 'e': 0.6399999999999997}",20,0,-58.94493316386896,"{0: 16, 1: 0, 2: 2, 3: 1, 4: 1}",0
73,False,"{'a': 0.5, 'e': 0.6349999999999997}",20,0,4.8805750471331315,"{0: 18, 1: 1, 2: 1, 3: 0, 4: 0}",0
74,False,"{'a': 0.5, 'e': 0.6299999999999997}",30,0,-99.04465252450937,"{0: 23, 1: 2, 2: 2, 3: 1, 4: 2}",0
75,False,"{'a': 0.5, 'e': 0.6249999999999997}",25,0,-89.59515278449021,"{0: 18, 1: 1, 2: 4, 3: 1, 4: 1}",0
76,False,"{'a': 0.5, 'e': 0.6199999999999997}",20,0,-100.53214479757855,"{0: 15, 1: 0, 2: 2, 3: 1, 4: 2}",0
77,False,"{'a': 0.5, 'e': 0.6149999999999997}",20,16,6.6373644435089325,"{0: 4, 1: 0, 2: 0, 3: 0, 4: 0}",1
78,False,"{'a': 0.5, 'e': 0.6099999999999997}",20,0,-3.527681677963678,"{0: 16, 1: 3, 2: 1, 3: 0, 4: 0}",0
79,False,"{'a': 0.5, 'e': 0.6049999999999996}",20,0,-114.70077164109608,"{0: 14, 1: 0, 2: 3, 3: 1, 4: 2}",0
80,False,"{'a': 0.5, 'e': 0.5999999999999996}",20,0,-57.74790842750402,"{0: 15, 1: 0, 2: 2, 3: 3, 4: 0}",0
81,False,"{'a': 0.5, 'e': 0.5949999999999996}",20,0,-74.34946928999545,"{0: 14, 1: 2, 2: 2, 3: 1, 4: 1}",0
82,False,"{'a': 0.5, 'e': 0.5899999999999996}",20,0,-23.302025354821662,"{0: 17, 1: 0, 2: 2, 3: 1, 4: 0}",0
83,False,"{'a': 0.5, 'e': 0.5849999999999996}",25,0,-94.5109037609625,"{0: 17, 1: 1, 2: 5, 3: 1, 4: 1}",0
84,False,"{'a': 0.5, 'e': 0.5799999999999996}",20,0,-5.854810400745922,"{0: 16, 1: 2, 2: 2, 3: 0, 4: 0}",0
85,False,"{'a': 0.5, 'e': 0.5749999999999996}",30,9,-17.37095707545596,"{0: 17, 1: 0, 2: 4, 3: 0, 4: 0}",1
86,False,"{'a': 0.5, 'e': 0.5699999999999996}",30,19,18.807217978531114,"{0: 11, 1: 0, 2: 0, 3: 0, 4: 0}",1
87,False,"{'a': 0.5, 'e': 0.5649999999999996}",20,0,-18.05213045840235,"{0: 17, 1: 0, 2: 3, 3: 0, 4: 0}",0
88,False,"{'a': 0.5, 'e': 0.5599999999999996}",35,0,-125.56322086036029,"{0: 24, 1: 3, 2: 6, 3: 0, 4: 2}",0
89,False,"{'a': 0.5, 'e': 0.5549999999999996}",30,0,-123.94457975463493,"{0: 23, 1: 1, 2: 3, 3: 0, 4: 3}",0
90,False,"{'a': 0.5, 'e': 0.5499999999999996}",30,0,-8.902119057560334,"{0: 25, 1: 3, 2: 1, 3: 1, 4: 0}",0
91,False,"{'a': 0.5, 'e': 0.5449999999999996}",25,0,-8.576336709071331,"{0: 21, 1: 0, 2: 4, 3: 0, 4: 0}",0
92,False,"{'a': 0.5, 'e': 0.5399999999999996}",20,0,-46.66298496043105,"{0: 15, 1: 2, 2: 2, 3: 0, 4: 1}",0
93,False,"{'a': 0.5, 'e': 0.5349999999999996}",25,0,4.854084598963465,"{0: 22, 1: 2, 2: 1, 3: 0, 4: 0}",0
94,False,"{'a': 0.5, 'e': 0.5299999999999996}",20,0,-62.76603704600111,"{0: 14, 1: 2, 2: 3, 3: 0, 4: 1}",0
95,False,"{'a': 0.5, 'e': 0.5249999999999996}",20,0,-40.810106664782914,"{0: 15, 1: 3, 2: 1, 3: 0, 4: 1}",1
96,False,"{'a': 0.5, 'e': 0.5199999999999996}",20,0,18.101598538548913,"{0: 19, 1: 0, 2: 1, 3: 0, 4: 0}",0
97,False,"{'a': 0.5, 'e': 0.5149999999999996}",35,0,-57.20657094180706,"{0: 28, 1: 2, 2: 4, 3: 0, 4: 1}",0
98,False,"{'a': 0.5, 'e': 0.5099999999999996}",25,0,-98.88426509997204,"{0: 15, 1: 4, 2: 4, 3: 1, 4: 1}",0
99,False,"{'a': 0.5, 'e': 0.5049999999999996}",30,0,-155.22946635376132,"{0: 20, 1: 2, 2: 4, 3: 1, 4: 3}",0
100,False,"{'a': 0.5, 'e': 0.49999999999999956}",20,0,-21.23927187900898,"{0: 17, 1: 0, 2: 2, 3: 1, 4: 0}",0
101,False,"{'a': 0.5, 'e': 0.49499999999999955}",30,0,-0.2820395337560293,"{0: 26, 1: 2, 2: 1, 3: 1, 4: 0}",0
102,False,"{'a': 0.5, 'e': 0.48999999999999955}",20,3,-53.25925136922456,"{0: 13, 1: 0, 2: 3, 3: 0, 4: 1}",1
103,False,"{'a': 0.5, 'e': 0.48499999999999954}",25,0,-12.057263730535272,"{0: 21, 1: 1, 2: 3, 3: 0, 4: 0}",0
104,False,"{'a': 0.5, 'e': 0.47999999999999954}",20,0,-14.02193603709994,"{0: 16, 1: 1, 2: 3, 3: 0, 4: 0}",0
105,False,"{'a': 0.5, 'e': 0.47499999999999953}",25,0,-6.712500654529719,"{0: 21, 1: 2, 2: 2, 3: 0, 4: 0}",0
106,False,"{'a': 0.5, 'e': 0.46999999999999953}",25,0,-146.21324272576166,"{0: 17, 1: 1, 2: 4, 3: 0, 4: 3}",0
107,False,"{'a': 0.5, 'e': 0.4649999999999995}",20,4,12.169541490594284,"{0: 15, 1: 0, 2: 1, 3: 0, 4: 0}",1
108,False,"{'a': 0.5, 'e': 0.4599999999999995}",20,0,-25.02197065994326,"{0: 16, 1: 1, 2: 2, 3: 1, 4: 0}",0
109,False,"{'a': 0.5, 'e': 0.4549999999999995}",20,0,-1.7272027057631183,"{0: 18, 1: 0, 2: 2, 3: 0, 4: 0}",0
110,False,"{'a': 0.5, 'e': 0.4499999999999995}",20,7,20.178645517450448,"{0: 13, 1: 0, 2: 0, 3: 0, 4: 0}",1
111,False,"{'a': 0.5, 'e': 0.4449999999999995}",25,0,-97.82768031882023,"{0: 18, 1: 2, 2: 3, 3: 0, 4: 2}",0
112,False,"{'a': 0.5, 'e': 0.4399999999999995}",25,0,-82.59506275564911,"{0: 21, 1: 0, 2: 1, 3: 1, 4: 2}",0
113,False,"{'a': 0.5, 'e': 0.4349999999999995}",30,0,-53.69093168116787,"{0: 24, 1: 0, 2: 5, 3: 0, 4: 1}",0
114,False,"{'a': 0.5, 'e': 0.4299999999999995}",20,0,-30.064113189563884,"{0: 18, 1: 0, 2: 1, 3: 0, 4: 1}",0
115,False,"{'a': 0.5, 'e': 0.4249999999999995}",20,0,-82.7682234678244,"{0: 16, 1: 0, 2: 2, 3: 0, 4: 2}",0
116,False,"{'a': 0.5, 'e': 0.4199999999999995}",20,0,15.816479561638342,"{0: 19, 1: 0, 2: 1, 3: 0, 4: 0}",0
117,False,"{'a': 0.5, 'e': 0.4149999999999995}",20,0,-4.148453898526196,"{0: 16, 1: 2, 2: 2, 3: 0, 4: 0}",0
118,False,"{'a': 0.5, 'e': 0.4099999999999995}",35,0,-138.8347185596376,"{0: 28, 1: 1, 2: 1, 3: 2, 4: 3}",0
119,False,"{'a': 0.5, 'e': 0.40499999999999947}",20,0,3.5533922509344658,"{0: 18, 1: 0, 2: 1, 3: 1, 4: 0}",0
120,False,"{'a': 0.5, 'e': 0.39999999999999947}",20,0,3.5528230760018586,"{0: 18, 1: 0, 2: 2, 3: 0, 4: 0}",0
121,False,"{'a': 0.5, 'e': 0.39499999999999946}",20,5,21.431976626638722,"{0: 15, 1: 0, 2: 0, 3: 0, 4: 0}",1
122,False,"{'a': 0.5, 'e': 0.38999999999999946}",20,13,-1.6594210236818998,"{0: 6, 1: 0, 2: 1, 3: 0, 4: 0}",1
123,False,"{'a': 0.5, 'e': 0.38499999999999945}",25,0,-16.27922274382852,"{0: 22, 1: 1, 2: 0, 3: 2, 4: 0}",0
124,False,"{'a': 0.5, 'e': 0.37999999999999945}",20,0,-129.54286538462554,"{0: 14, 1: 0, 2: 1, 3: 3, 4: 2}",0
125,False,"{'a': 0.5, 'e': 0.37499999999999944}",30,18,14.850278868975515,"{0: 11, 1: 1, 2: 0, 3: 0, 4: 0}",1
126,False,"{'a': 0.5, 'e': 0.36999999999999944}",25,15,-22.784531388250148,"{0: 9, 1: 0, 2: 0, 3: 0, 4: 1}",1
127,False,"{'a': 0.5, 'e': 0.36499999999999944}",25,0,-81.0289552915123,"{0: 21, 1: 0, 2: 1, 3: 1, 4: 2}",0
128,False,"{'a': 0.5, 'e': 0.35999999999999943}",25,17,-0.16648605869293798,"{0: 7, 1: 0, 2: 1, 3: 0, 4: 0}",1
129,False,"{'a': 0.5, 'e': 0.3549999999999994}",25,6,-18.312151578637078,"{0: 18, 1: 0, 2: 0, 3: 0, 4: 1}",1
130,False,"{'a': 0.5, 'e': 0.3499999999999994}",20,0,-52.71584473114876,"{0: 15, 1: 2, 2: 2, 3: 0, 4: 1}",0
131,False,"{'a': 0.5, 'e': 0.3449999999999994}",30,0,-38.54911710155866,"{0: 26, 1: 0, 2: 2, 3: 1, 4: 1}",0
132,False,"{'a': 0.5, 'e': 0.3399999999999994}",20,0,-31.489645176493873,"{0: 18, 1: 0, 2: 1, 3: 0, 4: 1}",0
133,False,"{'a': 0.5, 'e': 0.3349999999999994}",25,0,-50.28788707733478,"{0: 21, 1: 0, 2: 2, 3: 1, 4: 1}",0
134,False,"{'a': 0.5, 'e': 0.3299999999999994}",20,3,-49.55876734152849,"{0: 12, 1: 2, 2: 2, 3: 0, 4: 1}",1
135,False,"{'a': 0.5, 'e': 0.3249999999999994}",25,0,11.096871659127668,"{0: 23, 1: 1, 2: 1, 3: 0, 4: 0}",0
136,False,"{'a': 0.5, 'e': 0.3199999999999994}",25,0,-43.67761601367575,"{0: 20, 1: 1, 2: 3, 3: 0, 4: 1}",0
137,False,"{'a': 0.5, 'e': 0.3149999999999994}",25,0,-67.37470563053604,"{0: 16, 1: 3, 2: 5, 3: 1, 4: 0}",0
138,False,"{'a': 0.5, 'e': 0.3099999999999994}",20,0,14.164857599065662,"{0: 19, 1: 0, 2: 1, 3: 0, 4: 0}",0
139,False,"{'a': 0.5, 'e': 0.3049999999999994}",30,0,-60.3216061153733,"{0: 22, 1: 1, 2: 6, 3: 1, 4: 0}",0
140,False,"{'a': 0.5, 'e': 0.2999999999999994}",20,0,-1.3043803139438068,"{0: 17, 1: 2, 2: 1, 3: 0, 4: 0}",0
141,False,"{'a': 0.5, 'e': 0.2949999999999994}",20,0,-18.432448142613516,"{0: 17, 1: 1, 2: 1, 3: 1, 4: 0}",0
142,False,"{'a': 0.5, 'e': 0.28999999999999937}",25,0,14.69192399434997,"{0: 23, 1: 1, 2: 1, 3: 0, 4: 0}",0
143,False,"{'a': 0.5, 'e': 0.28499999999999936}",30,16,10.640361164495424,"{0: 13, 1: 0, 2: 1, 3: 0, 4: 0}",1
144,False,"{'a': 0.5, 'e': 0.27999999999999936}",25,0,-33.15742763312005,"{0: 21, 1: 2, 2: 1, 3: 0, 4: 1}",0
145,False,"{'a': 0.5, 'e': 0.27499999999999936}",20,7,10.00735495528134,"{0: 12, 1: 0, 2: 1, 3: 0, 4: 0}",1
146,False,"{'a': 0.5, 'e': 0.26999999999999935}",25,0,-9.405429123143243,"{0: 21, 1: 1, 2: 3, 3: 0, 4: 0}",0
147,False,"{'a': 0.5, 'e': 0.26499999999999935}",20,0,-58.115269236102236,"{0: 18, 1: 0, 2: 0, 3: 0, 4: 2}",0
148,False,"{'a': 0.5, 'e': 0.25999999999999934}",30,0,-59.35796785335661,"{0: 25, 1: 0, 2: 3, 3: 1, 4: 1}",0
149,False,"{'a': 0.5, 'e': 0.25499999999999934}",30,0,16.241235795814703,"{0: 27, 1: 2, 2: 1, 3: 0, 4: 0}",0
150,False,"{'a': 0.5, 'e': 0.24999999999999933}",25,1,-7.734702237060521,"{0: 23, 1: 0, 2: 0, 3: 0, 4: 1}",1
151,False,"{'a': 0.5, 'e': 0.24499999999999933}",20,0,11.136096768890882,"{0: 18, 1: 1, 2: 1, 3: 0, 4: 0}",0
152,False,"{'a': 0.5, 'e': 0.23999999999999932}",25,0,-58.905836339305644,"{0: 19, 1: 2, 2: 3, 3: 0, 4: 1}",0
153,False,"{'a': 0.5, 'e': 0.23499999999999932}",25,0,34.2702650538015,"{0: 25, 1: 0, 2: 0, 3: 0, 4: 0}",0
154,False,"{'a': 0.5, 'e': 0.22999999999999932}",20,0,-6.688214549179817,"{0: 17, 1: 1, 2: 2, 3: 0, 4: 0}",0
155,False,"{'a': 0.5, 'e': 0.2249999999999993}",20,0,23.4657456613583,"{0: 19, 1: 1, 2: 0, 3: 0, 4: 0}",0
156,False,"{'a': 0.5, 'e': 0.2199999999999993}",30,0,-17.562272534671738,"{0: 26, 1: 0, 2: 3, 3: 1, 4: 0}",0
157,False,"{'a': 0.5, 'e': 0.2149999999999993}",20,0,9.855223958170356,"{0: 18, 1: 0, 2: 2, 3: 0, 4: 0}",0
158,False,"{'a': 0.5, 'e': 0.2099999999999993}",20,0,-35.87255025393678,"{0: 17, 1: 1, 2: 1, 3: 0, 4: 1}",0
159,False,"{'a': 0.5, 'e': 0.2049999999999993}",30,3,34.94737514361754,"{0: 27, 1: 0, 2: 0, 3: 0, 4: 0}",1
160,False,"{'a': 0.5, 'e': 0.1999999999999993}",25,0,2.15314550609332,"{0: 23, 1: 0, 2: 1, 3: 1, 4: 0}",0
161,False,"{'a': 0.5, 'e': 0.19499999999999929}",20,0,27.56861967877701,"{0: 20, 1: 0, 2: 0, 3: 0, 4: 0}",0
162,False,"{'a': 0.5, 'e': 0.18999999999999928}",30,0,31.687317262463754,"{0: 29, 1: 1, 2: 0, 3: 0, 4: 0}",0
163,False,"{'a': 0.5, 'e': 0.18499999999999928}",25,0,11.508237809958704,"{0: 23, 1: 0, 2: 2, 3: 0, 4: 0}",0
164,False,"{'a': 0.5, 'e': 0.17999999999999927}",20,0,18.92855657823776,"{0: 19, 1: 0, 2: 1, 3: 0, 4: 0}",0
165,False,"{'a': 0.5, 'e': 0.17499999999999927}",20,0,2.1142276204246437,"{0: 17, 1: 2, 2: 1, 3: 0, 4: 0}",0
166,False,"{'a': 0.5, 'e': 0.16999999999999926}",25,12,24.862696199065127,"{0: 13, 1: 0, 2: 0, 3: 0, 4: 0}",1
167,False,"{'a': 0.5, 'e': 0.16499999999999926}",20,0,-13.729795545258057,"{0: 16, 1: 3, 2: 0, 3: 1, 4: 0}",0
168,False,"{'a': 0.5, 'e': 0.15999999999999925}",20,11,15.859281614748067,"{0: 9, 1: 0, 2: 0, 3: 0, 4: 0}",1
169,False,"{'a': 0.5, 'e': 0.15499999999999925}",20,4,1.3964482359841195,"{0: 15, 1: 0, 2: 0, 3: 1, 4: 0}",1
170,False,"{'a': 0.5, 'e': 0.14999999999999925}",20,0,6.22142479816014,"{0: 19, 1: 0, 2: 0, 3: 1, 4: 0}",0
171,False,"{'a': 0.5, 'e': 0.14499999999999924}",20,0,-36.836723706065264,"{0: 17, 1: 0, 2: 2, 3: 0, 4: 1}",0
172,False,"{'a': 0.5, 'e': 0.13999999999999924}",20,0,12.232506054409177,"{0: 18, 1: 1, 2: 1, 3: 0, 4: 0}",0
173,False,"{'a': 0.5, 'e': 0.13499999999999923}",20,0,14.355301805826974,"{0: 18, 1: 1, 2: 1, 3: 0, 4: 0}",0
174,False,"{'a': 0.5, 'e': 0.12999999999999923}",25,0,-32.88824289250261,"{0: 22, 1: 1, 2: 1, 3: 0, 4: 1}",0
175,False,"{'a': 0.5, 'e': 0.12499999999999922}",20,6,4.9343450333596754,"{0: 12, 1: 1, 2: 1, 3: 0, 4: 0}",1
176,False,"{'a': 0.5, 'e': 0.11999999999999922}",25,0,24.411971176440552,"{0: 24, 1: 1, 2: 0, 3: 0, 4: 0}",0
177,False,"{'a': 0.5, 'e': 0.11499999999999921}",35,0,-10.330883693456371,"{0: 33, 1: 0, 2: 1, 3: 0, 4: 1}",0
178,False,"{'a': 0.5, 'e': 0.10999999999999921}",30,0,14.33700398796155,"{0: 29, 1: 0, 2: 0, 3: 1, 4: 0}",0
179,False,"{'a': 0.5, 'e': 0.1049999999999992}",25,0,29.624388325119085,"{0: 25, 1: 0, 2: 0, 3: 0, 4: 0}",0
180,False,"{'a': 0.5, 'e': 0.0999999999999992}",20,0,11.017151854798133,"{0: 18, 1: 1, 2: 1, 3: 0, 4: 0}",0
181,False,"{'a': 0.5, 'e': 0.0949999999999992}",20,0,10.047745534265497,"{0: 18, 1: 2, 2: 0, 3: 0, 4: 0}",0
182,False,"{'a': 0.5, 'e': 0.08999999999999919}",20,0,13.350108175919893,"{0: 18, 1: 2, 2: 0, 3: 0, 4: 0}",0
183,False,"{'a': 0.5, 'e': 0.08499999999999919}",25,0,-3.2200885183281205,"{0: 21, 1: 2, 2: 2, 3: 0, 4: 0}",0
184,False,"{'a': 0.5, 'e': 0.07999999999999918}",20,0,-18.89813432357918,"{0: 19, 1: 0, 2: 0, 3: 0, 4: 1}",0
185,False,"{'a': 0.5, 'e': 0.07499999999999918}",20,0,-17.290589737471247,"{0: 19, 1: 0, 2: 0, 3: 0, 4: 1}",0
186,False,"{'a': 0.5, 'e': 0.06999999999999917}",25,0,-0.15789147572708528,"{0: 21, 1: 3, 2: 1, 3: 0, 4: 0}",0
187,False,"{'a': 0.5, 'e': 0.06499999999999917}",20,0,25.913107748991408,"{0: 20, 1: 0, 2: 0, 3: 0, 4: 0}",0
188,False,"{'a': 0.5, 'e': 0.05999999999999917}",25,0,21.16238244555395,"{0: 23, 1: 2, 2: 0, 3: 0, 4: 0}",0
189,False,"{'a': 0.5, 'e': 0.054999999999999175}",25,0,35.946887880328205,"{0: 25, 1: 0, 2: 0, 3: 0, 4: 0}",0
190,False,"{'a': 0.5, 'e': 0.04999999999999918}",25,0,27.345527479053093,"{0: 24, 1: 1, 2: 0, 3: 0, 4: 0}",0
191,False,"{'a': 0.5, 'e': 0.04499999999999918}",20,3,24.741840170865697,"{0: 17, 1: 0, 2: 0, 3: 0, 4: 0}",1
192,False,"{'a': 0.5, 'e': 0.03999999999999918}",20,0,20.681589086267003,"{0: 20, 1: 0, 2: 0, 3: 0, 4: 0}",0
193,False,"{'a': 0.5, 'e': 0.034999999999999185}",25,0,-10.754119002924813,"{0: 24, 1: 0, 2: 0, 3: 0, 4: 1}",0
194,False,"{'a': 0.5, 'e': 0.029999999999999184}",25,0,24.155409184878707,"{0: 24, 1: 1, 2: 0, 3: 0, 4: 0}",0
195,False,"{'a': 0.5, 'e': 0.024999999999999183}",35,0,34.680004262650066,"{0: 35, 1: 0, 2: 0, 3: 0, 4: 0}",0
196,False,"{'a': 0.5, 'e': 0.01999999999999918}",20,0,9.62968781882023,"{0: 19, 1: 0, 2: 1, 3: 0, 4: 0}",0
197,False,"{'a': 0.5, 'e': 0.01499999999999918}",20,0,25.315457445529432,"{0: 20, 1: 0, 2: 0, 3: 0, 4: 0}",0
198,False,"{'a': 0.5, 'e': 0.00999999999999918}",25,0,22.180086643280408,"{0: 25, 1: 0, 2: 0, 3: 0, 4: 0}",0
199,False,"{'a': 0.5, 'e': 0.00499999999999918}",25,0,31.93845356894353,"{0: 25, 1: 0, 2: 0, 3: 0, 4: 0}",0
1,True,"{'a': 0.0, 'e': 0.0}",25,0,-4.82301079618434,"{0: 24, 1: 0, 2: 0, 3: 0, 4: 1}",0
2,True,"{'a': 0.0, 'e': 0.0}",25,0,24.75448259664541,"{0: 24, 1: 0, 2: 1, 3: 0, 4: 0}",0
3,True,"{'a': 0.0, 'e': 0.0}",25,0,36.48638591770009,"{0: 25, 1: 0, 2: 0, 3: 0, 4: 0}",0
4,True,"{'a': 0.0, 'e': 0.0}",20,0,-12.542524382065405,"{0: 19, 1: 0, 2: 0, 3: 0, 4: 1}",0
5,True,"{'a': 0.0, 'e': 0.0}",20,0,25.684241466568814,"{0: 20, 1: 0, 2: 0, 3: 0, 4: 0}",0
6,True,"{'a': 0.0, 'e': 0.0}",30,0,21.92885544117142,"{0: 29, 1: 0, 2: 1, 3: 0, 4: 0}",0
7,True,"{'a': 0.0, 'e': 0.0}",30,0,40.68159177457056,"{0: 30, 1: 0, 2: 0, 3: 0, 4: 0}",0
8,True,"{'a': 0.0, 'e': 0.0}",25,0,38.64186094942758,"{0: 25, 1: 0, 2: 0, 3: 0, 4: 0}",0
9,True,"{'a': 0.0, 'e': 0.0}",20,0,24.047584402958364,"{0: 20, 1: 0, 2: 0, 3: 0, 4: 0}",0
10,True,"{'a': 0.0, 'e': 0.0}",20,0,21.023981186040892,"{0: 20, 1: 0, 2: 0, 3: 0, 4: 0}",0
11,True,"{'a': 0.0, 'e': 0.0}",25,0,36.925433834333546,"{0: 25, 1: 0, 2: 0, 3: 0, 4: 0}",0
12,True,"{'a': 0.0, 'e': 0.0}",20,0,28.854846128526418,"{0: 20, 1: 0, 2: 0, 3: 0, 4: 0}",0
13,True,"{'a': 0.0, 'e': 0.0}",20,0,28.246342721691324,"{0: 20, 1: 0, 2: 0, 3: 0, 4: 0}",0
14,True,"{'a': 0.0, 'e': 0.0}",25,0,18.335594166897963,"{0: 24, 1: 0, 2: 1, 3: 0, 4: 0}",0
15,True,"{'a': 0.0, 'e': 0.0}",25,0,35.62021349889007,"{0: 25, 1: 0, 2: 0, 3: 0, 4: 0}",0
16,True,"{'a': 0.0, 'e': 0.0}",25,0,27.6121170232241,"{0: 25, 1: 0, 2: 0, 3: 0, 4: 0}",0
17,True,"{'a': 0.0, 'e': 0.0}",30,0,40.555745547567994,"{0: 30, 1: 0, 2: 0, 3: 0, 4: 0}",0
18,True,"{'a': 0.0, 'e': 0.0}",20,0,30.8186701825392,"{0: 20, 1: 0, 2: 0, 3: 0, 4: 0}",0
19,True,"{'a': 0.0, 'e': 0.0}",25,0,30.515446840216676,"{0: 25, 1: 0, 2: 0, 3: 0, 4: 0}",0
20,True,"{'a': 0.0, 'e': 0.0}",20,0,25.462245929486855,"{0: 20, 1: 0, 2: 0, 3: 0, 4: 0}",0
21,True,"{'a': 0.0, 'e': 0.0}",20,0,28.899512230684113,"{0: 20, 1: 0, 2: 0, 3: 0, 4: 0}",0
22,True,"{'a': 0.0, 'e': 0.0}",25,0,40.50989658653087,"{0: 25, 1: 0, 2: 0, 3: 0, 4: 0}",0
23,True,"{'a': 0.0, 'e': 0.0}",20,0,22.62714464340785,"{0: 20, 1: 0, 2: 0, 3: 0, 4: 0}",0
24,True,"{'a': 0.0, 'e': 0.0}",35,0,42.275458190306516,"{0: 35, 1: 0, 2: 0, 3: 0, 4: 0}",0
25,True,"{'a': 0.0, 'e': 0.0}",25,0,31.674959550787342,"{0: 25, 1: 0, 2: 0, 3: 0, 4: 0}",0
26,True,"{'a': 0.0, 'e': 0.0}",25,5,30.600126434144276,"{0: 20, 1: 0, 2: 0, 3: 0, 4: 0}",1
27,True,"{'a': 0.0, 'e': 0.0}",20,0,26.796178013065717,"{0: 20, 1: 0, 2: 0, 3: 0, 4: 0}",0
28,True,"{'a': 0.0, 'e': 0.0}",30,0,40.19271785975057,"{0: 30, 1: 0, 2: 0, 3: 0, 4: 0}",0
29,True,"{'a': 0.0, 'e': 0.0}",20,0,20.899207421818296,"{0: 20, 1: 0, 2: 0, 3: 0, 4: 0}",0
30,True,"{'a': 0.0, 'e': 0.0}",20,0,31.85798217063947,"{0: 20, 1: 0, 2: 0, 3: 0, 4: 0}",0
31,True,"{'a': 0.0, 'e': 0.0}",20,0,21.90442842343262,"{0: 20, 1: 0, 2: 0, 3: 0, 4: 0}",0
32,True,"{'a': 0.0, 'e': 0.0}",20,8,18.065086473519678,"{0: 12, 1: 0, 2: 0, 3: 0, 4: 0}",1
33,True,"{'a': 0.0, 'e': 0.0}",20,12,14.34896325873292,"{0: 8, 1: 0, 2: 0, 3: 0, 4: 0}",1
34,True,"{'a': 0.0, 'e': 0.0}",25,0,33.878623552119514,"{0: 25, 1: 0, 2: 0, 3: 0, 4: 0}",0
35,True,"{'a': 0.0, 'e': 0.0}",25,0,24.887942049615894,"{0: 25, 1: 0, 2: 0, 3: 0, 4: 0}",0
36,True,"{'a': 0.0, 'e': 0.0}",25,0,32.277448655446015,"{0: 25, 1: 0, 2: 0, 3: 0, 4: 0}",0
37,True,"{'a': 0.0, 'e': 0.0}",20,0,28.436326338970588,"{0: 20, 1: 0, 2: 0, 3: 0, 4: 0}",0
38,True,"{'a': 0.0, 'e': 0.0}",20,0,31.221167501006487,"{0: 20, 1: 0, 2: 0, 3: 0, 4: 0}",0
39,True,"{'a': 0.0, 'e': 0.0}",25,0,26.628267374582965,"{0: 25, 1: 0, 2: 0, 3: 0, 4: 0}",0
40,True,"{'a': 0.0, 'e': 0.0}",20,0,33.74319819207714,"{0: 20, 1: 0, 2: 0, 3: 0, 4: 0}",0
41,True,"{'a': 0.0, 'e': 0.0}",25,0,28.133931572602375,"{0: 25, 1: 0, 2: 0, 3: 0, 4: 0}",0
42,True,"{'a': 0.0, 'e': 0.0}",30,0,37.72036759894216,"{0: 30, 1: 0, 2: 0, 3: 0, 4: 0}",0
43,True,"{'a': 0.0, 'e': 0.0}",20,6,23.640093964740586,"{0: 14, 1: 0, 2: 0, 3: 0, 4: 0}",1
44,True,"{'a': 0.0, 'e': 0.0}",25,0,35.85956027341262,"{0: 25, 1: 0, 2: 0, 3: 0, 4: 0}",0
45,True,"{'a': 0.0, 'e': 0.0}",20,0,-19.689119805953386,"{0: 19, 1: 0, 2: 0, 3: 0, 4: 1}",0
46,True,"{'a': 0.0, 'e': 0.0}",25,0,27.26618178157297,"{0: 25, 1: 0, 2: 0, 3: 0, 4: 0}",0
47,True,"{'a': 0.0, 'e': 0.0}",25,0,20.06570739721688,"{0: 24, 1: 0, 2: 1, 3: 0, 4: 0}",0
48,True,"{'a': 0.0, 'e': 0.0}",25,0,42.6038385416403,"{0: 25, 1: 0, 2: 0, 3: 0, 4: 0}",0
49,True,"{'a': 0.0, 'e': 0.0}",20,0,15.384429634666319,"{0: 19, 1: 0, 2: 1, 3: 0, 4: 0}",0
50,True,"{'a': 0.0, 'e': 0.0}",25,0,22.262395605643672,"{0: 25, 1: 0, 2: 0, 3: 0, 4: 0}",0
51,True,"{'a': 0.0, 'e': 0.0}",30,0,45.12725804798486,"{0: 30, 1: 0, 2: 0, 3: 0, 4: 0}",0
52,True,"{'a': 0.0, 'e': 0.0}",20,0,27.655008410092197,"{0: 20, 1: 0, 2: 0, 3: 0, 4: 0}",0
53,True,"{'a': 0.0, 'e': 0.0}",20,0,26.51038770228479,"{0: 20, 1: 0, 2: 0, 3: 0, 4: 0}",0
54,True,"{'a': 0.0, 'e': 0.0}",25,0,38.56128970633074,"{0: 25, 1: 0, 2: 0, 3: 0, 4: 0}",0
55,True,"{'a': 0.0, 'e': 0.0}",30,0,33.1189975663333,"{0: 30, 1: 0, 2: 0, 3: 0, 4: 0}",0
56,True,"{'a': 0.0, 'e': 0.0}",30,16,25.09736986372905,"{0: 14, 1: 0, 2: 0, 3: 0, 4: 0}",1
57,True,"{'a': 0.0, 'e': 0.0}",20,0,23.78783304013517,"{0: 20, 1: 0, 2: 0, 3: 0, 4: 0}",0
58,True,"{'a': 0.0, 'e': 0.0}",20,0,21.59692597112835,"{0: 20, 1: 0, 2: 0, 3: 0, 4: 0}",0
59,True,"{'a': 0.0, 'e': 0.0}",30,0,43.281395088213145,"{0: 30, 1: 0, 2: 0, 3: 0, 4: 0}",0
60,True,"{'a': 0.0, 'e': 0.0}",25,0,26.0039393553902,"{0: 25, 1: 0, 2: 0, 3: 0, 4: 0}",0
61,True,"{'a': 0.0, 'e': 0.0}",25,0,23.894370455919283,"{0: 25, 1: 0, 2: 0, 3: 0, 4: 0}",0
62,True,"{'a': 0.0, 'e': 0.0}",20,0,20.876191784884057,"{0: 20, 1: 0, 2: 0, 3: 0, 4: 0}",0
63,True,"{'a': 0.0, 'e': 0.0}",30,2,31.016564904041125,"{0: 28, 1: 0, 2: 0, 3: 0, 4: 0}",1
64,True,"{'a': 0.0, 'e': 0.0}",25,0,-13.138071878342172,"{0: 24, 1: 0, 2: 0, 3: 0, 4: 1}",0
65,True,"{'a': 0.0, 'e': 0.0}",25,0,-11.22669182865265,"{0: 24, 1: 0, 2: 0, 3: 0, 4: 1}",0
66,True,"{'a': 0.0, 'e': 0.0}",20,0,29.74287688184022,"{0: 20, 1: 0, 2: 0, 3: 0, 4: 0}",0
67,True,"{'a': 0.0, 'e': 0.0}",20,0,24.85852304317539,"{0: 20, 1: 0, 2: 0, 3: 0, 4: 0}",0
68,True,"{'a': 0.0, 'e': 0.0}",25,0,35.8104225537762,"{0: 25, 1: 0, 2: 0, 3: 0, 4: 0}",0
69,True,"{'a': 0.0, 'e': 0.0}",25,0,-12.508840314561118,"{0: 24, 1: 0, 2: 0, 3: 0, 4: 1}",0
70,True,"{'a': 0.0, 'e': 0.0}",35,0,47.29537657283896,"{0: 35, 1: 0, 2: 0, 3: 0, 4: 0}",0
71,True,"{'a': 0.0, 'e': 0.0}",25,6,26.45183484336751,"{0: 19, 1: 0, 2: 0, 3: 0, 4: 0}",1
72,True,"{'a': 0.0, 'e': 0.0}",30,0,36.3849094223116,"{0: 30, 1: 0, 2: 0, 3: 0, 4: 0}",0
73,True,"{'a': 0.0, 'e': 0.0}",30,0,39.433575527560855,"{0: 30, 1: 0, 2: 0, 3: 0, 4: 0}",0
74,True,"{'a': 0.0, 'e': 0.0}",35,0,-6.0950874840994045,"{0: 34, 1: 0, 2: 0, 3: 0, 4: 1}",0
75,True,"{'a': 0.0, 'e': 0.0}",20,0,26.90815768043044,"{0: 20, 1: 0, 2: 0, 3: 0, 4: 0}",0
76,True,"{'a': 0.0, 'e': 0.0}",25,0,32.874586309759565,"{0: 25, 1: 0, 2: 0, 3: 0, 4: 0}",0
77,True,"{'a': 0.0, 'e': 0.0}",20,0,22.723241994932586,"{0: 20, 1: 0, 2: 0, 3: 0, 4: 0}",0
78,True,"{'a': 0.0, 'e': 0.0}",30,0,19.770914916018985,"{0: 29, 1: 0, 2: 1, 3: 0, 4: 0}",0
79,True,"{'a': 0.0, 'e': 0.0}",20,0,29.794496554088028,"{0: 20, 1: 0, 2: 0, 3: 0, 4: 0}",0
80,True,"{'a': 0.0, 'e': 0.0}",25,0,-13.124889132179915,"{0: 24, 1: 0, 2: 0, 3: 0, 4: 1}",0
81,True,"{'a': 0.0, 'e': 0.0}",20,0,31.733732293189583,"{0: 20, 1: 0, 2: 0, 3: 0, 4: 0}",0
82,True,"{'a': 0.0, 'e': 0.0}",25,0,13.650725967521947,"{0: 24, 1: 0, 2: 1, 3: 0, 4: 0}",0
83,True,"{'a': 0.0, 'e': 0.0}",20,0,-15.296435658018941,"{0: 19, 1: 0, 2: 0, 3: 0, 4: 1}",0
84,True,"{'a': 0.0, 'e': 0.0}",20,0,29.702958120990232,"{0: 20, 1: 0, 2: 0, 3: 0, 4: 0}",0
85,True,"{'a': 0.0, 'e': 0.0}",30,0,44.049649910538875,"{0: 30, 1: 0, 2: 0, 3: 0, 4: 0}",0
86,True,"{'a': 0.0, 'e': 0.0}",20,0,26.007053445203535,"{0: 20, 1: 0, 2: 0, 3: 0, 4: 0}",0
87,True,"{'a': 0.0, 'e': 0.0}",30,0,35.59271045285623,"{0: 30, 1: 0, 2: 0, 3: 0, 4: 0}",0
88,True,"{'a': 0.0, 'e': 0.0}",25,0,25.895068635039024,"{0: 25, 1: 0, 2: 0, 3: 0, 4: 0}",0
89,True,"{'a': 0.0, 'e': 0.0}",25,0,-7.19451608021793,"{0: 24, 1: 0, 2: 0, 3: 0, 4: 1}",0
90,True,"{'a': 0.0, 'e': 0.0}",30,0,31.51720027030715,"{0: 30, 1: 0, 2: 0, 3: 0, 4: 0}",0
91,True,"{'a': 0.0, 'e': 0.0}",20,0,22.722759871925664,"{0: 20, 1: 0, 2: 0, 3: 0, 4: 0}",0
92,True,"{'a': 0.0, 'e': 0.0}",25,0,35.13137267074422,"{0: 25, 1: 0, 2: 0, 3: 0, 4: 0}",0
93,True,"{'a': 0.0, 'e': 0.0}",20,0,30.661989928609373,"{0: 20, 1: 0, 2: 0, 3: 0, 4: 0}",0
94,True,"{'a': 0.0, 'e': 0.0}",25,10,23.693604608387083,"{0: 15, 1: 0, 2: 0, 3: 0, 4: 0}",1
95,True,"{'a': 0.0, 'e': 0.0}",35,0,46.209354936834956,"{0: 35, 1: 0, 2: 0, 3: 0, 4: 0}",0
96,True,"{'a': 0.0, 'e': 0.0}",25,0,32.267245162276744,"{0: 25, 1: 0, 2: 0, 3: 0, 4: 0}",0
97,True,"{'a': 0.0, 'e': 0.0}",20,15,7.220517251477589,"{0: 5, 1: 0, 2: 0, 3: 0, 4: 0}",1
98,True,"{'a': 0.0, 'e': 0.0}",20,0,28.216733548215156,"{0: 20, 1: 0, 2: 0, 3: 0, 4: 0}",0
99,True,"{'a': 0.0, 'e': 0.0}",20,0,22.67767259503529,"{0: 20, 1: 0, 2: 0, 3: 0, 4: 0}",0
100,True,"{'a': 0.0, 'e': 0.0}",25,0,-49.64617468908798,"{0: 23, 1: 0, 2: 0, 3: 0, 4: 2}",0
